"声優","出演数","メイン","メイン率"
"花澤香菜","104","80","0.7692307692307693"
"沢城みゆき","87","51","0.5862068965517241"
"茅野愛衣","104","49","0.47115384615384615"
"日笠陽子","97","42","0.4329896907216495"
"喜多村英梨","66","37","0.5606060606060606"
"三森すずこ","63","37","0.5873015873015873"
"内田真礼","66","36","0.5454545454545454"
"釘宮理恵","82","36","0.43902439024390244"
"悠木碧","75","36","0.48"
"井口裕香","56","34","0.6071428571428571"
"井上麻里奈","57","33","0.5789473684210527"
"M・A・O","59","33","0.559322033898305"
"阿澄佳奈","60","32","0.5333333333333333"
"加藤英美里","52","31","0.5961538461538461"
"小松未可子","60","31","0.5166666666666667"
"斎藤千和","66","31","0.4696969696969697"
"佐倉綾音","69","31","0.4492753623188406"
"早見沙織","73","31","0.4246575342465753"
"堀江由衣","79","30","0.379746835443038"
"金元寿子","65","29","0.4461538461538462"
"小林ゆう","67","29","0.43283582089552236"
"東山奈央","59","29","0.4915254237288136"
"豊崎愛生","47","29","0.6170212765957447"
"伊藤静","62","27","0.43548387096774194"
"種田梨沙","62","27","0.43548387096774194"
"竹達彩奈","52","25","0.4807692307692308"
"戸松遥","56","25","0.44642857142857145"
"内山夕実","99","24","0.24242424242424243"
"高垣彩陽","60","22","0.36666666666666664"
"橘田いずみ","38","20","0.5263157894736842"
"大原さやか","75","19","0.25333333333333335"
"瀬戸麻沙美","46","19","0.41304347826086957"
"小倉唯","39","18","0.46153846153846156"
"徳井青空","35","18","0.5142857142857142"
"名塚佳織","44","18","0.4090909090909091"
"沼倉愛美","36","18","0.5"
"野水伊織","27","18","0.6666666666666666"
"日高里菜","51","18","0.35294117647058826"
"遠藤綾","57","17","0.2982456140350877"
"小澤亜李","41","17","0.4146341463414634"
"久野美咲","42","17","0.40476190476190477"
"中原麻衣","57","17","0.2982456140350877"
"福圓美里","48","17","0.3541666666666667"
"水瀬いのり","32","17","0.53125"
"雨宮天","31","16","0.5161290322580645"
"平野綾","27","16","0.5925925925925926"
"水橋かおり","30","16","0.5333333333333333"
"石原夏織","36","15","0.4166666666666667"
"伊藤かな恵","36","15","0.4166666666666667"
"大橋彩香","25","15","0.6"
"白石涼子","58","15","0.25862068965517243"
"津田美波","41","15","0.36585365853658536"
"赤崎千夏","76","14","0.18421052631578946"
"内田彩","26","14","0.5384615384615384"
"大坪由佳","26","14","0.5384615384615384"
"木戸衣吹","30","14","0.4666666666666667"
"斎賀みつき","37","14","0.3783783783783784"
"佐藤聡美","47","14","0.2978723404255319"
"諏訪彩花","70","14","0.2"
"田村ゆかり","45","14","0.3111111111111111"
"生天目仁美","55","14","0.2545454545454545"
"藤村歩","62","14","0.22580645161290322"
"伊瀬茉莉也","62","13","0.20967741935483872"
"加隈亜衣","56","13","0.23214285714285715"
"田村睦心","51","13","0.2549019607843137"
"能登麻美子","84","13","0.15476190476190477"
"潘めぐみ","71","13","0.18309859154929578"
"矢作紗友里","35","13","0.37142857142857144"
"明坂聡美","44","12","0.2727272727272727"
"新井里美","50","12","0.24"
"上田麗奈","58","12","0.20689655172413793"
"小清水亜美","54","12","0.2222222222222222"
"水樹奈々","28","12","0.42857142857142855"
"村川梨衣","52","12","0.23076923076923078"
"安野希世乃","41","12","0.2926829268292683"
"渡部優衣","21","12","0.5714285714285714"
"大谷育江","25","11","0.44"
"大西沙織","55","11","0.2"
"高森奈津美","57","11","0.19298245614035087"
"茅原実里","24","11","0.4583333333333333"
"鳴海杏子","27","11","0.4074074074074074"
"南條愛乃","33","11","0.3333333333333333"
"三上枝織","34","11","0.3235294117647059"
"山本希望","38","11","0.2894736842105263"
"柚木涼香","48","11","0.22916666666666666"
"愛美","26","10","0.38461538461538464"
"五十嵐裕美","49","10","0.20408163265306123"
"井澤詩織","45","10","0.2222222222222222"
"石上静香","50","10","0.2"
"植田佳奈","47","10","0.2127659574468085"
"桑島法子","44","10","0.22727272727272727"
"小岩井ことり","31","10","0.3225806451612903"
"寿美菜子","44","10","0.22727272727272727"
"佐々木未来","32","10","0.3125"
"ゆきのさつき","36","10","0.2777777777777778"
"安済知佳","37","9","0.24324324324324326"
"川澄綾子","49","9","0.1836734693877551"
"坂本真綾","21","9","0.42857142857142855"
"田所あずさ","19","9","0.47368421052631576"
"田中真弓","13","9","0.6923076923076923"
"民安ともえ","10","9","0.9"
"豊口めぐみ","32","9","0.28125"
"西明日香","46","9","0.1956521739130435"
"渕上舞","18","9","0.5"
"松井恵理子","37","9","0.24324324324324326"
"松来未祐","25","9","0.36"
"山崎エリイ","17","9","0.5294117647058824"
"相坂優歌","14","8","0.5714285714285714"
"齋藤彩夏","10","8","0.8"
"真堂圭","38","8","0.21052631578947367"
"高橋美佳子","35","8","0.22857142857142856"
"巽悠衣子","49","8","0.16326530612244897"
"新田恵海","13","8","0.6153846153846154"
"林原めぐみ","16","8","0.5"
"広橋涼","34","8","0.23529411764705882"
"藤田咲","43","8","0.18604651162790697"
"三澤紗千香","16","8","0.5"
"浅倉杏美","20","7","0.35"
"石川静 (声優)","10","7","0.7"
"門脇舞以","13","7","0.5384615384615384"
"神田朱未","32","7","0.21875"
"久保ユリカ","29","7","0.2413793103448276"
"黒沢ともよ","11","7","0.6363636363636364"
"國立幸","19","7","0.3684210526315789"
"小林由美子","27","7","0.25925925925925924"
"三瓶由布子","43","7","0.16279069767441862"
"芹澤優","17","7","0.4117647058823529"
"高橋李依","32","7","0.21875"
"種崎敦美","42","7","0.16666666666666666"
"寺崎裕香","44","7","0.1590909090909091"
"富樫美鈴","18","7","0.3888888888888889"
"朴ロ美","27","7","0.25925925925925924"
"福原香織","16","7","0.4375"
"ブリドカットセーラ恵美","28","7","0.25"
"牧野由依","21","7","0.3333333333333333"
"山本杏美","20","7","0.35"
"朝井彩加","24","6","0.25"
"浅川悠","26","6","0.23076923076923078"
"石川由依","16","6","0.375"
"井上喜久子","72","6","0.08333333333333333"
"大亀あすか","21","6","0.2857142857142857"
"小見川千明","14","6","0.42857142857142855"
"甲斐田裕子","31","6","0.1935483870967742"
"金田アキ","34","6","0.17647058823529413"
"くまいもとこ","23","6","0.2608695652173913"
"後藤沙緒里","30","6","0.2"
"嶋村侑","31","6","0.1935483870967742"
"下田麻美","13","6","0.46153846153846156"
"千菅春香","25","6","0.24"
"長妻樹里","21","6","0.2857142857142857"
"原由実","14","6","0.42857142857142855"
"原田ひとみ","19","6","0.3157894736842105"
"水野麻里絵","27","6","0.2222222222222222"
"麦穂あんな","10","6","0.6"
"諸星すみれ","21","6","0.2857142857142857"
"山岡ゆり","17","6","0.35294117647058826"
"山村響","33","6","0.18181818181818182"
"米澤円","26","6","0.23076923076923078"
"相沢舞","10","5","0.5"
"荒川美穂","16","5","0.3125"
"伊藤美来","11","5","0.45454545454545453"
"今井麻美","14","5","0.35714285714285715"
"大空直美","31","5","0.16129032258064516"
"楠田亜衣奈","18","5","0.2777777777777778"
"工藤晴香","20","5","0.25"
"桑谷夏子","28","5","0.17857142857142858"
"ささきのぞみ","23","5","0.21739130434782608"
"清水愛","25","5","0.2"
"鈴木絵理","26","5","0.19230769230769232"
"たかはし智秋","23","5","0.21739130434782608"
"高山みなみ","13","5","0.38461538461538464"
"竹内順子","19","5","0.2631578947368421"
"田中涼子 (声優)","6","5","0.8333333333333334"
"丹下桜","17","5","0.29411764705882354"
"中島愛 (声優)","14","5","0.35714285714285715"
"藤井ゆきよ","56","5","0.08928571428571429"
"本多真梨子","19","5","0.2631578947368421"
"前田玲奈","35","5","0.14285714285714285"
"皆川純子","27","5","0.18518518518518517"
"三宅麻理恵","49","5","0.10204081632653061"
"宮本佳那子","20","5","0.25"
"矢島晶子","21","5","0.23809523809523808"
"山口立花子","35","5","0.14285714285714285"
"山崎はるか","39","5","0.1282051282051282"
"LYNN","37","5","0.13513513513513514"
"渡辺明乃","58","5","0.08620689655172414"
"浅野真澄","40","4","0.1"
"飯田里穂","4","4","1.0"
"緒方恵美","15","4","0.26666666666666666"
"岡村明美","31","4","0.12903225806451613"
"奥野香耶","10","4","0.4"
"折笠富美子","32","4","0.125"
"後藤麻衣 (声優)","13","4","0.3076923076923077"
"佐土原かおり","17","4","0.23529411764705882"
"白石晴香","10","4","0.4"
"鈴木愛奈","6","4","0.6666666666666666"
"粗忽屋後楽園店","15","4","0.26666666666666666"
"粗忽屋所沢店","15","4","0.26666666666666666"
"粗忽屋武蔵野店","31","4","0.12903225806451613"
"大地葉","46","4","0.08695652173913043"
"高橋未奈美","69","4","0.057971014492753624"
"田口宏子","5","4","0.8"
"田中敦子 (声優)","39","4","0.10256410256410256"
"田中美海","10","4","0.4"
"田中理恵 (声優)","19","4","0.21052631578947367"
"田辺留依","18","4","0.2222222222222222"
"田村奈央","10","4","0.4"
"照井春佳","26","4","0.15384615384615385"
"長縄まりあ","11","4","0.36363636363636365"
"中村繪里子","9","4","0.4444444444444444"
"仲谷明香","12","4","0.3333333333333333"
"夏川椎菜","24","4","0.16666666666666666"
"秦佐和子","10","4","0.4"
"花守ゆみり","12","4","0.3333333333333333"
"葉山いくみ","61","4","0.06557377049180328"
"原紗友里","42","4","0.09523809523809523"
"藤原郁美","61","4","0.06557377049180328"
"古木のぞみ","27","4","0.14814814814814814"
"松嵜麗","15","4","0.26666666666666666"
"松本梨香","8","4","0.5"
"水沢史絵","14","4","0.2857142857142857"
"村中知","72","4","0.05555555555555555"
"山口由里子","15","4","0.26666666666666666"
"山下七海","12","4","0.3333333333333333"
"山田奈都美","8","4","0.5"
"吉田有里 (声優)","8","4","0.5"
"佳村はるか","12","4","0.3333333333333333"
"渡辺久美子","11","4","0.36363636363636365"
"茜屋日海夏","9","3","0.3333333333333333"
"犬山イヌコ","3","3","1.0"
"今村彩夏","15","3","0.2"
"大本眞基子","10","3","0.3"
"大森日雅","12","3","0.25"
"小野早稀","7","3","0.42857142857142855"
"かかずゆみ","14","3","0.21428571428571427"
"金田朋子","21","3","0.14285714285714285"
"木村珠莉","35","3","0.08571428571428572"
"桑原由気","19","3","0.15789473684210525"
"古城門志帆","29","3","0.10344827586206896"
"小桜エツコ","15","3","0.2"
"小林沙苗","27","3","0.1111111111111111"
"近藤唯","18","3","0.16666666666666666"
"斎藤楓子","19","3","0.15789473684210525"
"佐藤亜美菜","9","3","0.3333333333333333"
"真田アサミ","14","3","0.21428571428571427"
"下屋則子","25","3","0.12"
"清水香里","8","3","0.375"
"新谷良子","22","3","0.13636363636363635"
"すずきけいこ","3","3","1.0"
"仙台エリ","14","3","0.21428571428571427"
"タカオユキ","9","3","0.3333333333333333"
"高野直子 (声優)","3","3","1.0"
"高本めぐみ","10","3","0.3"
"田澤茉純","20","3","0.15"
"伊達朱里紗","22","3","0.13636363636363635"
"田中あいみ","31","3","0.0967741935483871"
"田野アサミ","15","3","0.2"
"冬馬由美","10","3","0.3"
"中隈志保","4","3","0.75"
"中津真莉","15","3","0.2"
"野沢雅子","9","3","0.3333333333333333"
"野中藍","22","3","0.13636363636363635"
"PILE","4","3","0.75"
"原奈津子","4","3","0.75"
"原優子","14","3","0.21428571428571427"
"福原綾香","13","3","0.23076923076923078"
"牧口真幸","15","3","0.2"
"MAKO","14","3","0.21428571428571427"
"水野マリコ","10","3","0.3"
"ゆりん","17","3","0.17647058823529413"
"吉岡茉祐","6","3","0.5"
"愛河里花子","20","2","0.1"
"井澤美香子","8","2","0.25"
"伊藤彩沙","5","2","0.4"
"伊東みやこ","17","2","0.11764705882352941"
"稲川英里","9","2","0.2222222222222222"
"井ノ上奈々","4","2","0.5"
"岩崎可苗","2","2","1.0"
"内村史子","14","2","0.14285714285714285"
"うのちひろ","4","2","0.5"
"榎本温子","13","2","0.15384615384615385"
"遠藤ゆりか","9","2","0.2222222222222222"
"桜咲千依","4","2","0.5"
"大橋歩夕","11","2","0.18181818181818182"
"大和田仁美","29","2","0.06896551724137931"
"沖佳苗","21","2","0.09523809523809523"
"尾崎真実","8","2","0.25"
"小野涼子","7","2","0.2857142857142857"
"折笠愛","19","2","0.10526315789473684"
"かないみか","15","2","0.13333333333333333"
"河合久美","2","2","1.0"
"菊池こころ","27","2","0.07407407407407407"
"木下鈴奈","4","2","0.5"
"儀武ゆう子","36","2","0.05555555555555555"
"久保田未夢","9","2","0.2222222222222222"
"小市眞琴","2","2","1.0"
"小平有希","8","2","0.25"
"後藤邑子","9","2","0.2222222222222222"
"斉藤佑圭","20","2","0.1"
"櫻井浩美","56","2","0.03571428571428571"
"佐藤あずさ","12","2","0.16666666666666666"
"篠田みなみ","9","2","0.2222222222222222"
"島本須美","13","2","0.15384615384615385"
"進藤尚美","48","2","0.041666666666666664"
"末柄里恵","13","2","0.15384615384615385"
"鈴木美咲","6","2","0.3333333333333333"
"千本木彩花","13","2","0.15384615384615385"
"曽和まどか","2","2","1.0"
"高尾奏音","5","2","0.4"
"高木美佑","3","2","0.6666666666666666"
"高木礼子","7","2","0.2857142857142857"
"高橋めぐる","6","2","0.3333333333333333"
"たなか久美","2","2","1.0"
"田中真奈美","25","2","0.08"
"千葉千恵巳","7","2","0.2857142857142857"
"津久井彩文","4","2","0.5"
"東城日沙子","13","2","0.15384615384615385"
"戸田めぐみ","27","2","0.07407407407407407"
"中川亜紀子","5","2","0.4"
"永島由子","8","2","0.25"
"中島由貴 (声優)","10","2","0.2"
"中道美穂子","2","2","1.0"
"西口杏里沙","15","2","0.13333333333333333"
"西村ちなみ","8","2","0.25"
"根谷美智子","20","2","0.1"
"能登有沙","8","2","0.25"
"野村真悠華","5","2","0.4"
"橋本ちなみ","33","2","0.06060606060606061"
"久川綾","38","2","0.05263157894736842"
"日高のり子","18","2","0.1111111111111111"
"平山笑美","8","2","0.25"
"堀池円","7","2","0.2857142857142857"
"本渡楓","14","2","0.14285714285714285"
"松井菜桜子","9","2","0.2222222222222222"
"松岡由貴","12","2","0.16666666666666666"
"松田颯水","10","2","0.2"
"松元惠","10","2","0.2"
"瑞沢渓","7","2","0.2857142857142857"
"水野理紗","8","2","0.25"
"水原薫","16","2","0.125"
"美名","17","2","0.11764705882352941"
"皆口裕子","14","2","0.14285714285714285"
"南央美","11","2","0.18181818181818182"
"宮本侑芽","3","2","0.6666666666666666"
"村瀬迪与","10","2","0.2"
"桃井はるこ","6","2","0.3333333333333333"
"桃河りか","2","2","1.0"
"森千早都","6","2","0.3333333333333333"
"森永理科","6","2","0.3333333333333333"
"杜野まこ","5","2","0.4"
"矢口アサミ","6","2","0.3333333333333333"
"やなせなつみ","4","2","0.5"
"柳瀬なつみ","4","2","0.5"
"山崎和佳奈","11","2","0.18181818181818182"
"山田悠希","5","2","0.4"
"優木かな","9","2","0.2222222222222222"
"吉田聖子","10","2","0.2"
"吉田仁美","9","2","0.2222222222222222"
"若井友希","8","2","0.25"
"若林直美","4","2","0.5"
"和氣あず未","9","2","0.2222222222222222"
"渡辺未来 (声優)","5","2","0.4"
"相内沙英","4","1","0.25"
"相川奈都姫","20","1","0.05"
"青山桐子","6","1","0.16666666666666666"
"青山吉能","4","1","0.25"
"朝樹りさ","2","1","0.5"
"麻倉もも","18","1","0.05555555555555555"
"阿部彬名","3","1","0.3333333333333333"
"荒浪和沙","8","1","0.125"
"飯田友子","45","1","0.022222222222222223"
"飯塚麻結","12","1","0.08333333333333333"
"飯塚雅弓","7","1","0.14285714285714285"
"五十嵐浩子","6","1","0.16666666666666666"
"生田善子","6","1","0.16666666666666666"
"池澤春菜","11","1","0.09090909090909091"
"池辺久美子","2","1","0.5"
"石塚さより","4","1","0.25"
"磯村知美","8","1","0.125"
"一龍斎貞友","3","1","0.3333333333333333"
"伊藤実華","2","1","0.5"
"稲村優奈","2","1","0.5"
"井上奈々子","1","1","1.0"
"井上遥乃","7","1","0.14285714285714285"
"いのくちゆか","9","1","0.1111111111111111"
"今井由香","8","1","0.125"
"岩居由希子","3","1","0.3333333333333333"
"内田愛美","7","1","0.14285714285714285"
"宇山玲加","4","1","0.25"
"永野愛理","1","1","1.0"
"榎あづさ","13","1","0.07692307692307693"
"大浦冬華","23","1","0.043478260869565216"
"大関英里","7","1","0.14285714285714285"
"大原桃子","9","1","0.1111111111111111"
"大前愛華","10","1","0.1"
"大山のぶ代","2","1","0.5"
"小笠原早紀","8","1","0.125"
"雄賀多あや","1","1","1.0"
"甲斐田ゆき","19","1","0.05263157894736842"
"海保えりか","1","1","1.0"
"角元明日香","2","1","0.5"
"影山灯","4","1","0.25"
"柏山奈々美","5","1","0.2"
"勝田詩織","5","1","0.2"
"金子有希","8","1","0.125"
"川上千尋","5","1","0.2"
"川庄美雪","7","1","0.14285714285714285"
"河原木志穂","8","1","0.125"
"喜多丘千陽","12","1","0.08333333333333333"
"北川里奈","16","1","0.0625"
"鬼頭明里","12","1","0.08333333333333333"
"木村亜希子","11","1","0.09090909090909091"
"清都ありさ","11","1","0.09090909090909091"
"金月真美","4","1","0.25"
"久保田恵","2","1","0.5"
"倉田雅世","13","1","0.07692307692307693"
"高野麻里佳","18","1","0.05555555555555555"
"國分優香里","2","1","0.5"
"後藤早紀","2","1","0.5"
"小林桂子","4","1","0.25"
"小林美晴","2","1","0.5"
"小林優子","11","1","0.09090909090909091"
"小堀幸","29","1","0.034482758620689655"
"小堀友里絵","26","1","0.038461538461538464"
"駒形友梨","2","1","0.5"
"小松里歌","2","1","0.5"
"小松里賀","2","1","0.5"
"今野宏美","22","1","0.045454545454545456"
"齋藤綾","9","1","0.1111111111111111"
"斉藤貴美子","47","1","0.02127659574468085"
"サエキトモ","3","1","0.3333333333333333"
"さかいかな","5","1","0.2"
"坂本千夏","7","1","0.14285714285714285"
"佐倉薫","7","1","0.14285714285714285"
"桜井春名","2","1","0.5"
"桜川めぐ","5","1","0.2"
"佐々木詩帆","2","1","0.5"
"佐藤奏美","43","1","0.023255813953488372"
"佐藤智恵","8","1","0.125"
"佐藤美由希","21","1","0.047619047619047616"
"篠宮沙弥","3","1","0.3333333333333333"
"澁谷梓希","8","1","0.125"
"島形麻衣奈","4","1","0.25"
"清水理沙","7","1","0.14285714285714285"
"下地紫野","24","1","0.041666666666666664"
"新谷真弓","4","1","0.25"
"杉田菜摘","3","1","0.3333333333333333"
"杉本沙織","3","1","0.3333333333333333"
"杉山佳寿子","1","1","1.0"
"杉山由恵","1","1","1.0"
"鈴木砂織","3","1","0.3333333333333333"
"鈴木みえ","3","1","0.3333333333333333"
"諏訪ななか","1","1","1.0"
"藏合紗恵子","22","1","0.045454545454545456"
"園崎未恵","17","1","0.058823529411764705"
"高田初美","1","1","1.0"
"高田憂希","6","1","0.16666666666666666"
"高野麻美","12","1","0.08333333333333333"
"高梁碧","9","1","0.1111111111111111"
"宝木久美","4","1","0.25"
"竹下礼奈","8","1","0.125"
"田澤利依子","4","1","0.25"
"立花理香","3","1","0.3333333333333333"
"立野香菜子","1","1","1.0"
"TARAKO","1","1","1.0"
"千葉紗子","3","1","0.3333333333333333"
"月宮みどり","6","1","0.16666666666666666"
"恒松あゆみ","31","1","0.03225806451612903"
"鶴ひろみ","4","1","0.25"
"寺崎彩乃","3","1","0.3333333333333333"
"土井美加","11","1","0.09090909090909091"
"冨樫かずみ","16","1","0.0625"
"富田美憂","3","1","0.3333333333333333"
"友永朱音","5","1","0.2"
"中尾衣里","8","1","0.125"
"中上育実","22","1","0.045454545454545456"
"中島沙樹","13","1","0.07692307692307693"
"長嶋はるか","2","1","0.5"
"中島唯 (声優)","3","1","0.3333333333333333"
"仲西環","2","1","0.5"
"中村桜","19","1","0.05263157894736842"
"中村千絵","14","1","0.07142857142857142"
"七緒はるひ","23","1","0.043478260869565216"
"七瀬彩夏","4","1","0.25"
"ニーコ","7","1","0.14285714285714285"
"西原久美子","13","1","0.07692307692307693"
"新田ひより","9","1","0.1111111111111111"
"根本流風","4","1","0.25"
"野川さくら","4","1","0.25"
"野村香菜子","10","1","0.1"
"長谷川明子","6","1","0.16666666666666666"
"浜崎奈々","34","1","0.029411764705882353"
"早瀬莉花","4","1","0.25"
"日岡なつみ","7","1","0.14285714285714285"
"比嘉久美子","14","1","0.07142857142857142"
"東内マリ子","22","1","0.045454545454545456"
"ひと美","8","1","0.125"
"日野未歩","14","1","0.07142857142857142"
"平野妹","3","1","0.3333333333333333"
"平松晶子","10","1","0.1"
"深川芹亜","11","1","0.09090909090909091"
"深田愛衣","15","1","0.06666666666666667"
"福沙奈恵","14","1","0.07142857142857142"
"福井裕佳梨","5","1","0.2"
"藤田茜","15","1","0.06666666666666667"
"藤田淑子","3","1","0.3333333333333333"
"藤田奈央","11","1","0.09090909090909091"
"降幡愛","1","1","1.0"
"古川由利奈","5","1","0.2"
"古原奈々","1","1","1.0"
"堀絢子","5","1","0.2"
"堀野紗也加","4","1","0.25"
"前田愛 (声優)","8","1","0.125"
"MACHICO","4","1","0.25"
"松永真穂","6","1","0.16666666666666666"
"松本さち","4","1","0.25"
"満仲由紀子","1","1","1.0"
"味里","11","1","0.09090909090909091"
"水谷優子","6","1","0.16666666666666666"
"水間まき","1","1","1.0"
"道井悠","4","1","0.25"
"三石琴乃","22","1","0.045454545454545456"
"三村ゆうな","3","1","0.3333333333333333"
"宮崎羽衣","3","1","0.3333333333333333"
"ミルノ純","2","1","0.5"
"三輪勝恵","2","1","0.5"
"武藤志織","1","1","1.0"
"もものはるな","10","1","0.1"
"森永千才","10","1","0.1"
"安國愛菜","6","1","0.16666666666666666"
"安原麗子","1","1","1.0"
"山北早紀","5","1","0.2"
"山口眞弓","5","1","0.2"
"山口理恵","8","1","0.125"
"山下百合恵","6","1","0.16666666666666666"
"山根希美","3","1","0.3333333333333333"
"山本彩乃","6","1","0.16666666666666666"
"山本麻里安","4","1","0.25"
"結名美月","2","1","0.5"
"横山智佐","7","1","0.14285714285714285"
"吉岡麻耶","7","1","0.14285714285714285"
"芳野由奈","23","1","0.043478260869565216"
"力丸乃りこ","3","1","0.3333333333333333"
"劉セイラ","6","1","0.16666666666666666"
"渡部恵子","2","1","0.5"
"藍川千尋","3","0","0.0"
"あいざわゆりか","10","0","0.0"
"相田さやか","2","0","0.0"
"相橋愛子","2","0","0.0"
"青木和代","4","0","0.0"
"あおきさやか","4","0","0.0"
"青木志貴","1","0","0.0"
"青木紀子","5","0","0.0"
"明石香織","1","0","0.0"
"赤土眞弓","1","0","0.0"
"紅波柚香","1","0","0.0"
"阿川りょう","6","0","0.0"
"あきやまかおる","6","0","0.0"
"阿久津加菜","10","0","0.0"
"上野アサ","6","0","0.0"
"浅井晴美","4","0","0.0"
"浅井淑子 (声優)","1","0","0.0"
"浅倉弦希","2","0","0.0"
"アサコ","3","0","0.0"
"朝田実依","1","0","0.0"
"浅野まゆみ","11","0","0.0"
"朝日奈丸佳","5","0","0.0"
"麻見順子","4","0","0.0"
"亜城めぐ","5","0","0.0"
"安達忍","2","0","0.0"
"足立友","6","0","0.0"
"安達まり","1","0","0.0"
"新千恵子","3","0","0.0"
"阿部里果","3","0","0.0"
"阿部玲子","1","0","0.0"
"天田有希子","2","0","0.0"
"天野由梨","12","0","0.0"
"綾瀬有","16","0","0.0"
"荒木香衣","2","0","0.0"
"有賀由衣","2","0","0.0"
"有馬瑞香","4","0","0.0"
"有賀由樹子","4","0","0.0"
"安西英美","2","0","0.0"
"飯島美春","1","0","0.0"
"飯田奈保美","1","0","0.0"
"五十嵐由佳","1","0","0.0"
"五十嵐麗","3","0","0.0"
"壹岐紹未","6","0","0.0"
"伊倉一恵","6","0","0.0"
"池崎リョウ","1","0","0.0"
"池田果奈子","3","0","0.0"
"池田千草","1","0","0.0"
"池田昌子","3","0","0.0"
"伊沢磨紀","6","0","0.0"
"石井ゆかり (声優)","8","0","0.0"
"石井ゆき","2","0","0.0"
"石川綾乃","6","0","0.0"
"石川悦子","1","0","0.0"
"石川桃子","4","0","0.0"
"石毛佐和","2","0","0.0"
"石嶋久仁子","3","0","0.0"
"石田嘉代","3","0","0.0"
"石橋美佳","4","0","0.0"
"石原舞","2","0","0.0"
"石松千恵美","5","0","0.0"
"石村知子","1","0","0.0"
"磯辺万沙子","5","0","0.0"
"一城みゆ希","8","0","0.0"
"一田梨江","1","0","0.0"
"一木千洋","20","0","0.0"
"一色まゆ","3","0","0.0"
"伊東久美子","1","0","0.0"
"伊藤葉純","3","0","0.0"
"伊藤はるか","4","0","0.0"
"伊藤美紀 (声優)","33","0","0.0"
"伊藤葉子","3","0","0.0"
"井上優佳","1","0","0.0"
"今井麻夏","7","0","0.0"
"今瀬未知","5","0","0.0"
"井本ケイ","2","0","0.0"
"岩男潤子","9","0","0.0"
"岩崎愛 (声優)","5","0","0.0"
"岩村愛子","5","0","0.0"
"初原千絵","7","0","0.0"
"上田茜","1","0","0.0"
"うえだ星子","5","0","0.0"
"上田のりこ","10","0","0.0"
"上田晴美","7","0","0.0"
"植竹香菜","5","0","0.0"
"上村典子","7","0","0.0"
"うさみともこ","4","0","0.0"
"牛田裕子","17","0","0.0"
"内海慶子","3","0","0.0"
"宇乃音亜季","2","0","0.0"
"梅田貴公美","7","0","0.0"
"浦和めぐみ","6","0","0.0"
"雨蘭咲木子","5","0","0.0"
"宇和川恵美","1","0","0.0"
"江場梨絵子","1","0","0.0"
"えもりえりこ","2","0","0.0"
"江森浩子","10","0","0.0"
"江里夏","3","0","0.0"
"遠藤さやか","1","0","0.0"
"遠藤智佳","1","0","0.0"
"遠藤みやこ","2","0","0.0"
"大井麻利衣","7","0","0.0"
"大久保藍子","3","0","0.0"
"大久保英恵","2","0","0.0"
"大河内雅子","1","0","0.0"
"大下菜摘","2","0","0.0"
"太田五葵","4","0","0.0"
"大津愛理","12","0","0.0"
"大塚琴美","4","0","0.0"
"大塚みずえ","4","0","0.0"
"鳳芳野","5","0","0.0"
"大室佳奈","8","0","0.0"
"小笠原亜里沙","3","0","0.0"
"岡田栄美","23","0","0.0"
"岡田幸子","6","0","0.0"
"岡田恵","13","0","0.0"
"岡本ナミ","4","0","0.0"
"岡本嘉子","2","0","0.0"
"小倉結衣","1","0","0.0"
"尾小平志津香","1","0","0.0"
"尾崎恵","3","0","0.0"
"押山沙織","3","0","0.0"
"尾高もえみ","10","0","0.0"
"落合るみ","1","0","0.0"
"小幡あけみ","1","0","0.0"
"小幡記子","7","0","0.0"
"小幡真裕","2","0","0.0"
"小原乃梨子","1","0","0.0"
"折戸マリ","3","0","0.0"
"鷄冠井美智子","22","0","0.0"
"柿沼紫乃","5","0","0.0"
"角田紗里","1","0","0.0"
"陰山真寿美","7","0","0.0"
"笠原あきら","3","0","0.0"
"笠原留美","3","0","0.0"
"梶田夕貴","1","0","0.0"
"柏木美優","2","0","0.0"
"春日萌衣","1","0","0.0"
"片貝薫","12","0","0.0"
"片山加奈","2","0","0.0"
"勝生真沙子","12","0","0.0"
"勝田晶子","1","0","0.0"
"葛城七穂","1","0","0.0"
"加藤沙織","4","0","0.0"
"加藤奈々絵","4","0","0.0"
"加藤有生子","3","0","0.0"
"加藤優里","3","0","0.0"
"加藤祐梨","3","0","0.0"
"花藤蓮","14","0","0.0"
"金子未佳","3","0","0.0"
"兼田奈緒子","1","0","0.0"
"鹿野優以","14","0","0.0"
"加納千秋","3","0","0.0"
"郁原ゆう","4","0","0.0"
"鎌田梢","4","0","0.0"
"上川ゆう","1","0","0.0"
"亀井芳子","9","0","0.0"
"亀岡真美","1","0","0.0"
"亀中理恵子","3","0","0.0"
"嘉山未紗","10","0","0.0"
"華山梨彩","5","0","0.0"
"唐沢潤","2","0","0.0"
"河合紗希子","6","0","0.0"
"川上莉央","2","0","0.0"
"川崎恵理子","1","0","0.0"
"川崎芽衣子","13","0","0.0"
"川島美菜子","1","0","0.0"
"川島悠美","9","0","0.0"
"川瀬晶子 (声優)","16","0","0.0"
"川田妙子","5","0","0.0"
"川名真知子","2","0","0.0"
"川浪葉子","1","0","0.0"
"河野茉莉","3","0","0.0"
"川端麻衣","1","0","0.0"
"川村万梨阿","9","0","0.0"
"河村梨恵","4","0","0.0"
"神崎ちろ","1","0","0.0"
"神田みか","20","0","0.0"
"木内レイコ","1","0","0.0"
"菊地美香","6","0","0.0"
"菊池由起子","1","0","0.0"
"岸本百恵","13","0","0.0"
"喜田あゆ美","4","0","0.0"
"北方奈月","3","0","0.0"
"北西純子","3","0","0.0"
"北原知奈","5","0","0.0"
"北原美和","1","0","0.0"
"きっかわ佳代","1","0","0.0"
"木藤聡子","1","0","0.0"
"木野日菜","3","0","0.0"
"木下紗華","3","0","0.0"
"来宮良子","1","0","0.0"
"金香里","21","0","0.0"
"木村はるか","10","0","0.0"
"木村まどか","1","0","0.0"
"樹元オリエ","7","0","0.0"
"京田尚子","12","0","0.0"
"喜代原まり","5","0","0.0"
"桐谷蝶々","3","0","0.0"
"桐原明良","1","0","0.0"
"桐村まり","1","0","0.0"
"日下ちひろ","1","0","0.0"
"くじら (声優)","28","0","0.0"
"楠ひなた","3","0","0.0"
"楠浩子","10","0","0.0"
"楠見藍子","5","0","0.0"
"久保田民絵","9","0","0.0"
"熊谷ニーナ","3","0","0.0"
"倉口桃","3","0","0.0"
"黒瀬ゆうこ","4","0","0.0"
"黒田友佳","1","0","0.0"
"慶長佑香","55","0","0.0"
"小池亜希子","1","0","0.0"
"合田絵利","15","0","0.0"
"幸田夏穂","2","0","0.0"
"幸田直子","1","0","0.0"
"國府田マリ子","9","0","0.0"
"幸田夢波","18","0","0.0"
"こうち澪","3","0","0.0"
"倖月美和","1","0","0.0"
"高野菜々","1","0","0.0"
"光明寺敬子","5","0","0.0"
"こおろぎさとみ","9","0","0.0"
"小暮英麻","1","0","0.0"
"越川詩織","4","0","0.0"
"小島幸子","21","0","0.0"
"小島めぐみ","1","0","0.0"
"古城望","3","0","0.0"
"小菅真美","6","0","0.0"
"児玉明日美","6","0","0.0"
"小寺麻未","6","0","0.0"
"後藤友香里","12","0","0.0"
"小橋里美","3","0","0.0"
"小橋知子","3","0","0.0"
"小林愛","4","0","0.0"
"小林けい","2","0","0.0"
"小林希唯","2","0","0.0"
"小林さやか","7","0","0.0"
"小林真麻","9","0","0.0"
"小林眞紀","2","0","0.0"
"小林未沙","6","0","0.0"
"小林美奈","1","0","0.0"
"小林元子","1","0","0.0"
"小日向茜","6","0","0.0"
"小日向みわ","4","0","0.0"
"小松真奈","3","0","0.0"
"小松美智子","1","0","0.0"
"小松由佳 (声優)","14","0","0.0"
"小宮和枝","2","0","0.0"
"小見山佳巳","4","0","0.0"
"こやまきみこ","2","0","0.0"
"小山さくら","5","0","0.0"
"小山真実","2","0","0.0"
"小山茉美","3","0","0.0"
"近藤佳奈子","5","0","0.0"
"彩木香里","1","0","0.0"
"斎藤恵理","5","0","0.0"
"斎藤桃子","8","0","0.0"
"斉藤祐子","1","0","0.0"
"斉藤梨絵","1","0","0.0"
"坂井恭子","1","0","0.0"
"坂井寿美江","1","0","0.0"
"酒井玲","1","0","0.0"
"榊原奈緒子","4","0","0.0"
"榊原ゆい","4","0","0.0"
"榊原良子","10","0","0.0"
"阪田佳代","1","0","0.0"
"坂戸こまつな","3","0","0.0"
"紗上唄菜","9","0","0.0"
"咲乃藍里","2","0","0.0"
"佐久間紅美","3","0","0.0"
"佐久間レイ","9","0","0.0"
"櫻井智","7","0","0.0"
"桜川朝恵","2","0","0.0"
"桜木アミサ","4","0","0.0"
"櫻田実果子","5","0","0.0"
"佐古真弓","2","0","0.0"
"佐々梨花","2","0","0.0"
"笹井千恵子","3","0","0.0"
"佐々木愛 (声優)","3","0","0.0"
"佐々木静香","1","0","0.0"
"佐々木智代","9","0","0.0"
"佐々木日菜子","11","0","0.0"
"佐々木優子","1","0","0.0"
"笹島かほる","6","0","0.0"
"笹本菜津枝","14","0","0.0"
"笹本優子","3","0","0.0"
"笹森亜希","2","0","0.0"
"貴家堂子","1","0","0.0"
"定岡小百合","14","0","0.0"
"里郁美","2","0","0.0"
"さとうあい","10","0","0.0"
"佐藤朱","3","0","0.0"
"佐藤有世","5","0","0.0"
"佐藤泉美","1","0","0.0"
"佐藤しのぶ (声優)","1","0","0.0"
"佐藤なる美","5","0","0.0"
"佐藤はな","10","0","0.0"
"佐藤晴香","1","0","0.0"
"佐藤恵 (声優)","9","0","0.0"
"佐藤ゆうこ (声優)","5","0","0.0"
"里見はるか","12","0","0.0"
"眞田朱音","3","0","0.0"
"佐原宇奈","2","0","0.0"
"沢井美優","4","0","0.0"
"沢田泉","2","0","0.0"
"沢田敏子","7","0","0.0"
"椎名へきる","6","0","0.0"
"JENYA","5","0","0.0"
"塩谷綾子","5","0","0.0"
"塩山由佳","1","0","0.0"
"鹿野潤","2","0","0.0"
"重松朋","1","0","0.0"
"宍戸留美","5","0","0.0"
"SHIZUKU","1","0","0.0"
"志田有彩","4","0","0.0"
"設楽麻美","12","0","0.0"
"篠原恵美","14","0","0.0"
"志乃宮風子","1","0","0.0"
"芝崎典子","7","0","0.0"
"芝原チヤコ","2","0","0.0"
"嶋方淳子","2","0","0.0"
"嶋村カオル","1","0","0.0"
"清水彩香","10","0","0.0"
"清水茉菜","8","0","0.0"
"清水みか","1","0","0.0"
"志村まり子","4","0","0.0"
"志村由美","6","0","0.0"
"〆野潤子","5","0","0.0"
"しもがまちあき","13","0","0.0"
"下田レイ","12","0","0.0"
"下山田綾華","13","0","0.0"
"城雅子","4","0","0.0"
"庄司宇芽香","15","0","0.0"
"荘司美代子","2","0","0.0"
"庄子裕衣","11","0","0.0"
"白石冬美","2","0","0.0"
"白石真梨","7","0","0.0"
"白川澄子","1","0","0.0"
"白川万紗子","2","0","0.0"
"白川愛実","10","0","0.0"
"白鳥由里","1","0","0.0"
"新出ななみ","3","0","0.0"
"菅谷弥生","16","0","0.0"
"杉浦慶子","3","0","0.0"
"杉浦奈保子","19","0","0.0"
"杉原美和","4","0","0.0"
"杉本ゆう","13","0","0.0"
"須沢朝美","1","0","0.0"
"鈴木晶子","8","0","0.0"
"すずき紀子","5","0","0.0"
"鈴木真仁","13","0","0.0"
"鈴木みこ","1","0","0.0"
"鈴木れい子","13","0","0.0"
"須藤沙織","15","0","0.0"
"須藤祐実","2","0","0.0"
"住友七絵","1","0","0.0"
"関根明子 (声優)","1","0","0.0"
"関根明良","6","0","0.0"
"世戸さおり","8","0","0.0"
"瀬戸奈保子","1","0","0.0"
"瀬那歩美","2","0","0.0"
"芹亜希子","6","0","0.0"
"宗川めぐみ","2","0","0.0"
"沢海陽子","18","0","0.0"
"園田恵子","1","0","0.0"
"太地琴恵","2","0","0.0"
"平良亜弓","2","0","0.0"
"田内夏子","1","0","0.0"
"田浦環","2","0","0.0"
"高井舞香","2","0","0.0"
"互野ちひろ","1","0","0.0"
"高岡香","4","0","0.0"
"高木早苗","2","0","0.0"
"高木友梨香","2","0","0.0"
"高口幸子","1","0","0.0"
"高倉有加","6","0","0.0"
"たかしたみか","12","0","0.0"
"高島雅羅","4","0","0.0"
"高瀬朝季","4","0","0.0"
"高田千裕","7","0","0.0"
"高乃麗","8","0","0.0"
"高橋あみか","1","0","0.0"
"高橋花林","5","0","0.0"
"高橋ひろ子","1","0","0.0"
"高橋美紀","1","0","0.0"
"高橋美月","2","0","0.0"
"高橋里枝","6","0","0.0"
"高橋理恵子","5","0","0.0"
"高平成美","1","0","0.0"
"高森奈緒","3","0","0.0"
"鷹森淑乃","6","0","0.0"
"高山ゆうこ","12","0","0.0"
"滝万沙子","1","0","0.0"
"多岐川まり子","1","0","0.0"
"滝沢久美子","3","0","0.0"
"滝沢ロコ","4","0","0.0"
"瀧本富士子","13","0","0.0"
"田口香織","3","0","0.0"
"武石あゆ実","1","0","0.0"
"竹内絢子","8","0","0.0"
"竹内恵美子","16","0","0.0"
"竹内仁美","1","0","0.0"
"竹口安芸子","2","0","0.0"
"武田華","5","0","0.0"
"竹谷祥","1","0","0.0"
"竹村叔子","1","0","0.0"
"田代有紀","1","0","0.0"
"多田このみ","6","0","0.0"
"立花芽恵夢","2","0","0.0"
"橘U子","13","0","0.0"
"達依久子","3","0","0.0"
"田中晶子 (声優)","1","0","0.0"
"田中杏沙","3","0","0.0"
"田中メイ","4","0","0.0"
"棚田恵美子","1","0","0.0"
"谷育子","15","0","0.0"
"谷井あすか","2","0","0.0"
"谷口夢奈","6","0","0.0"
"田野めぐみ","4","0","0.0"
"玉川砂記子","8","0","0.0"
"珠木のぞみ","2","0","0.0"
"玉木佑和","24","0","0.0"
"田村聖子","3","0","0.0"
"田村美奈江","1","0","0.0"
"タルタエリ","1","0","0.0"
"知桐京子","9","0","0.0"
"千々松幸子","3","0","0.0"
"津川祝子","4","0","0.0"
"月野原みわ","4","0","0.0"
"月本皇子","2","0","0.0"
"津田沼真利","4","0","0.0"
"土屋真由美","2","0","0.0"
"椿理沙","1","0","0.0"
"積田かよ子","7","0","0.0"
"津村まこと","8","0","0.0"
"鶴野恭子","1","0","0.0"
"鉄炮塚葉子","3","0","0.0"
"寺内よりえ","5","0","0.0"
"寺島愛","1","0","0.0"
"寺瀬今日子","2","0","0.0"
"天神林ともみ","6","0","0.0"
"田頭里奈","27","0","0.0"
"土井真理","5","0","0.0"
"東條加那子","14","0","0.0"
"藤堂真衣","16","0","0.0"
"時田光","1","0","0.0"
"徳島未彩","4","0","0.0"
"戸田亜紀子","1","0","0.0"
"百々麻子","6","0","0.0"
"都丸ちよ","8","0","0.0"
"冨岡美沙子","18","0","0.0"
"富沢美智恵","4","0","0.0"
"冨永みーな","4","0","0.0"
"巴奎依","1","0","0.0"
"豊島まさみ","1","0","0.0"
"豊嶋真千子","6","0","0.0"
"鳥部万里子","5","0","0.0"
"内藤有海","16","0","0.0"
"NAO (1985年生の歌手)","1","0","0.0"
"直木萌美","1","0","0.0"
"名賀亜美","3","0","0.0"
"中友子","8","0","0.0"
"中恵光城","9","0","0.0"
"長尾明希","11","0","0.0"
"仲尾あづさ","1","0","0.0"
"中川玲","5","0","0.0"
"中川里江","2","0","0.0"
"長久友紀","10","0","0.0"
"中里望","4","0","0.0"
"永澤菜教","4","0","0.0"
"長沢直美","4","0","0.0"
"長沢美樹","10","0","0.0"
"中嶋アキ","18","0","0.0"
"中嶋佳葉","3","0","0.0"
"中嶋ヒロ","36","0","0.0"
"長島光那","3","0","0.0"
"中田沙奈枝","4","0","0.0"
"長田美雪","5","0","0.0"
"中田愛乃","1","0","0.0"
"永田依子","8","0","0.0"
"永田亮子","2","0","0.0"
"中司ゆう花","7","0","0.0"
"中西みなみ","1","0","0.0"
"中西裕美子","2","0","0.0"
"中根久美子","30","0","0.0"
"永野愛","4","0","0.0"
"長浜満里子","1","0","0.0"
"長弘翔子","3","0","0.0"
"仲村かおり","5","0","0.0"
"中村知子","4","0","0.0"
"中山さら","1","0","0.0"
"中山真奈美","1","0","0.0"
"永吉ユカ","3","0","0.0"
"永吉由佳","3","0","0.0"
"渚兎奈","4","0","0.0"
"那須めぐみ","6","0","0.0"
"夏樹リオ","4","0","0.0"
"夏日凜子","3","0","0.0"
"七沢心","1","0","0.0"
"七瀬亜深","9","0","0.0"
"奈波果林","11","0","0.0"
"鍋井まき子","7","0","0.0"
"波岡晶子","1","0","0.0"
"並木のり子","2","0","0.0"
"ならはしみき","2","0","0.0"
"成田紗矢香","4","0","0.0"
"成瀬未亜","1","0","0.0"
"鳴海エリカ","3","0","0.0"
"新名彩乃","3","0","0.0"
"仁後真耶子","1","0","0.0"
"西宏子","5","0","0.0"
"西墻由香","6","0","0.0"
"西川宏美","1","0","0.0"
"西口有香","1","0","0.0"
"西野陽子","6","0","0.0"
"西村麻弥","3","0","0.0"
"新田早規","14","0","0.0"
"新田万紀子","2","0","0.0"
"根本圭子","11","0","0.0"
"野一祐子","3","0","0.0"
"野崎紘夢","1","0","0.0"
"野沢由香里","4","0","0.0"
"野瀬碧里","1","0","0.0"
"野田順子","12","0","0.0"
"野村須磨子","4","0","0.0"
"野村道子","1","0","0.0"
"羽飼まり","4","0","0.0"
"萩森じゅん子","1","0","0.0"
"土師亜文","7","0","0.0"
"橋本まい","8","0","0.0"
"橋本結","5","0","0.0"
"蓮未エリナ","10","0","0.0"
"長谷美希","12","0","0.0"
"長谷川歩美","5","0","0.0"
"畑中万里江","11","0","0.0"
"波田野由衣","6","0","0.0"
"葉月絵理乃","2","0","0.0"
"羽月理恵","5","0","0.0"
"羽鳥靖子","5","0","0.0"
"羽吹梨里","1","0","0.0"
"早川真由","1","0","0.0"
"林摩理子","2","0","0.0"
"はやみけい","3","0","0.0"
"早水リサ","21","0","0.0"
"原嶋あかり","23","0","0.0"
"原島梢","9","0","0.0"
"春野ななみ","4","0","0.0"
"春宮茉由","1","0","0.0"
"潘恵子","4","0","0.0"
"板東愛","1","0","0.0"
"半場友恵","6","0","0.0"
"柊美冬","1","0","0.0"
"東さおり","3","0","0.0"
"氷上恭子","13","0","0.0"
"疋田由香里","3","0","0.0"
"引田有美","4","0","0.0"
"疋田涼子","4","0","0.0"
"樋口あかり","3","0","0.0"
"久嶋志帆","1","0","0.0"
"一杉佳澄","3","0","0.0"
"日野まり","30","0","0.0"
"日野由利加","2","0","0.0"
"日比愛子","11","0","0.0"
"氷青","2","0","0.0"
"兵藤まこ","3","0","0.0"
"平井理子","1","0","0.0"
"平尾明香","5","0","0.0"
"平田絵里子","6","0","0.0"
"平田宏美","1","0","0.0"
"平田真菜","29","0","0.0"
"平田由季","1","0","0.0"
"平辻朝子","1","0","0.0"
"平野文","18","0","0.0"
"平山縁","1","0","0.0"
"廣田詩夢","1","0","0.0"
"弘中くみ子","1","0","0.0"
"深町彩里","2","0","0.0"
"深見梨加","7","0","0.0"
"深水由美","2","0","0.0"
"福井美樹","10","0","0.0"
"藤貴子","1","0","0.0"
"藤井アユ美","2","0","0.0"
"藤井佳代子","1","0","0.0"
"藤井麻理子","1","0","0.0"
"藤井美波","5","0","0.0"
"藤生聖子","1","0","0.0"
"藤田彩","4","0","0.0"
"藤田昌代","2","0","0.0"
"藤田麻美","14","0","0.0"
"藤田由美子","2","0","0.0"
"ふしだ里穂","7","0","0.0"
"ふじたれいこ","1","0","0.0"
"藤東知夏","4","0","0.0"
"藤巻恵理子","1","0","0.0"
"藤村鼓乃美","9","0","0.0"
"藤村知可","9","0","0.0"
"藤本葵","2","0","0.0"
"藤本喜久子","1","0","0.0"
"藤原由林","2","0","0.0"
"渕崎ゆり子","4","0","0.0"
"文月くん","1","0","0.0"
"古谷静佳","6","0","0.0"
"別井友美","6","0","0.0"
"北條紗彩","10","0","0.0"
"星野早","5","0","0.0"
"星野千寿子","1","0","0.0"
"細川量代","1","0","0.0"
"細野雅世","3","0","0.0"
"堀田あすか","1","0","0.0"
"洞内愛","2","0","0.0"
"堀井千砂","7","0","0.0"
"堀川千華","3","0","0.0"
"堀口あすか","6","0","0.0"
"堀越知恵","5","0","0.0"
"堀越真己","11","0","0.0"
"堀中優希","3","0","0.0"
"本泉莉奈","8","0","0.0"
"本田貴子","21","0","0.0"
"本多知恵子","2","0","0.0"
"本多陽子","3","0","0.0"
"本間ゆかり","3","0","0.0"
"前田綾香","16","0","0.0"
"前田あやの","3","0","0.0"
"前田敏子","3","0","0.0"
"前原未晴","4","0","0.0"
"真壁かずみ","3","0","0.0"
"槙口みき","3","0","0.0"
"槇原千夏","12","0","0.0"
"真坂美帆","6","0","0.0"
"真柴摩利","1","0","0.0"
"升望","5","0","0.0"
"増田ゆき","3","0","0.0"
"又吉愛","9","0","0.0"
"松井桃子","2","0","0.0"
"松浦チエ","4","0","0.0"
"松尾佳子","2","0","0.0"
"松岡洋子 (声優)","4","0","0.0"
"松金よね子","1","0","0.0"
"松川奈央","1","0","0.0"
"松久保いほ","2","0","0.0"
"松島みのり","2","0","0.0"
"まつだ志緒理","20","0","0.0"
"松田利冴","10","0","0.0"
"松谷彼哉","2","0","0.0"
"松本彩乃","3","0","0.0"
"松本夕紀","8","0","0.0"
"的場加恵","8","0","0.0"
"真中桂子","1","0","0.0"
"間宮くるみ","11","0","0.0"
"真山亜子","16","0","0.0"
"丸塚香奈","10","0","0.0"
"丸山ゆう","3","0","0.0"
"丸山優子","1","0","0.0"
"丸山有香","19","0","0.0"
"三浦綾乃","2","0","0.0"
"三浦雅子","4","0","0.0"
"三上遥香","8","0","0.0"
"三木美","7","0","0.0"
"御沓優子","4","0","0.0"
"みさお","2","0","0.0"
"御崎朱美","1","0","0.0"
"三咲麻里","13","0","0.0"
"水落幸子","2","0","0.0"
"水口まつり","3","0","0.0"
"水田わさび","5","0","0.0"
"水原リン","16","0","0.0"
"水間友美","1","0","0.0"
"溝脇しほみ","1","0","0.0"
"三田ゆう子","4","0","0.0"
"皆瀬まりか","11","0","0.0"
"水杜明寿香","6","0","0.0"
"峰あつ子","2","0","0.0"
"峯香織","1","0","0.0"
"峰かずこ","1","0","0.0"
"美馬利恵子","4","0","0.0"
"みやかわ香月","1","0","0.0"
"宮川美保","12","0","0.0"
"三宅華也","1","0","0.0"
"宮崎珠子","1","0","0.0"
"宮沢きよこ","23","0","0.0"
"宮島依里","3","0","0.0"
"宮武みか","20","0","0.0"
"宮寺智子","1","0","0.0"
"宮原永海","2","0","0.0"
"深雪さなえ","1","0","0.0"
"三好りえ","1","0","0.0"
"むたあきこ","3","0","0.0"
"棟方真梨子","4","0","0.0"
"村井かずさ","3","0","0.0"
"村井理沙子","5","0","0.0"
"村上はるみ","2","0","0.0"
"村上まどか","2","0","0.0"
"村田知沙","3","0","0.0"
"室井深雪","1","0","0.0"
"持月玲依","17","0","0.0"
"本井えみ","9","0","0.0"
"桃瀬あやみ","1","0","0.0"
"桃森すもも","3","0","0.0"
"森綾香","4","0","0.0"
"森うたう","1","0","0.0"
"森千晃","21","0","0.0"
"森夏姫","2","0","0.0"
"もりなつこ","3","0","0.0"
"森なな子","9","0","0.0"
"森ひろ子","1","0","0.0"
"森史絵","6","0","0.0"
"森優子 (声優)","13","0","0.0"
"森嵜美穂","5","0","0.0"
"森沢芙美","6","0","0.0"
"森下由樹子","29","0","0.0"
"森田樹優","4","0","0.0"
"森中葵","2","0","0.0"
"森谷里美","20","0","0.0"
"茂呂田かおる","9","0","0.0"
"門田幸子 (声優)","1","0","0.0"
"八百屋杏","13","0","0.0"
"安田奈緒子","2","0","0.0"
"八十川真由野","1","0","0.0"
"柳井久代","1","0","0.0"
"柳沢真由美","1","0","0.0"
"柳沢三千代","4","0","0.0"
"矢野亜沙美","37","0","0.0"
"山像かおり","2","0","0.0"
"山川琴美","10","0","0.0"
"山口茜 (声優)","1","0","0.0"
"山口協佳","6","0","0.0"
"山口享佑子","4","0","0.0"
"山口奈々","1","0","0.0"
"山口繭","2","0","0.0"
"山口裕美子","1","0","0.0"
"山崎バニラ","4","0","0.0"
"山崎ゆう子","3","0","0.0"
"山下亜矢香","2","0","0.0"
"山下真琴","1","0","0.0"
"山田きのこ","1","0","0.0"
"山田ふしぎ","4","0","0.0"
"山田みほ","2","0","0.0"
"山中まどか","6","0","0.0"
"山本亜衣 (声優)","9","0","0.0"
"山本綾","3","0","0.0"
"山本絵美 (声優)","4","0","0.0"
"山本圭子","1","0","0.0"
"山本百合子","2","0","0.0"
"結下みちる","1","0","0.0"
"優希 (声優)","32","0","0.0"
"ゆきじ","8","0","0.0"
"行成とあ","8","0","0.0"
"柚原有里","1","0","0.0"
"弓場沙織","1","0","0.0"
"湯屋敦子","5","0","0.0"
"横尾まり","8","0","0.0"
"吉井彩実","4","0","0.0"
"吉岡さくら","5","0","0.0"
"吉岡沙知","2","0","0.0"
"吉川未来","4","0","0.0"
"吉沢希梨","2","0","0.0"
"吉住梢","1","0","0.0"
"吉田麻実","10","0","0.0"
"吉田小南美","2","0","0.0"
"吉田小百合","10","0","0.0"
"吉田美保","1","0","0.0"
"吉成由貴","1","0","0.0"
"芳村れいな","2","0","0.0"
"米丸歩","2","0","0.0"
"米本千珠","1","0","0.0"
"よのひかり","5","0","0.0"
"若菜よう子","2","0","0.0"
"若林彩子","1","0","0.0"
"和久田み晴","1","0","0.0"
"和田京子","3","0","0.0"
"渡辺菜生子","2","0","0.0"
"渡辺はるか","4","0","0.0"
"渡辺美佐 (声優)","4","0","0.0"
"渡辺優奈","1","0","0.0"
"渡邉佳美","2","0","0.0"
"渡辺広子","1","0","0.0"
